n,titre,page,categorie,videos,duree_s,images,dossier
1,KCORP | JERSEY 2026,https://flavyendupont.com/copie-de-kcorp-jersey-worlds-2025,,https://vimeo.com/1156791760,89,0,01_KCORP_JERSEY_2026
2,Samyang Habanero Lime,https://flavyendupont.com/samyang-habanero-lime,ADS,https://vimeo.com/846462067/6ceceb1955,29,0,02_SAMYANG_HABANERO_LIME
3,RedBull Helydia | Annonce,https://flavyendupont.com/copie-de-kcorp-jersey-2025,ADS,https://vimeo.com/1067803247/175c93608c,59,0,03_REDBULL_HELYDIA_ANNONCE
4,KCORP | JERSEY WORLDS 2025,https://flavyendupont.com/copie-de-kcorp-campus-merch-2025,ADS,https://vimeo.com/1115177403/7d24bbd7bc,81,0,04_KCORP_JERSEY_WORLDS_2025
5,Poppie | Short Film,https://flavyendupont.com/poppie,FICTION,https://vimeo.com/930052899/782bbe4a32,154,0,05_POPPIE_SHORT_FILM
6,KCORP | Campus Merch 2025,https://flavyendupont.com/copie-de-redbull-helydia-annonce-1,ADS,https://vimeo.com/1106705351/648b87c820,60,0,06_KCORP_CAMPUS_MERCH_2025
7,KCORP JERSEY | 2025,https://flavyendupont.com/copie-de-kcorp-baseball-collection-2024,ADS,https://vimeo.com/1048567242/4eb81db5e5,126,0,07_KCORP_JERSEY_2025
8,Showreel 2024,https://flavyendupont.com/showreel-2024,,https://vimeo.com/931711174/0e96950030,61,0,08_SHOWREEL_2024
9,KCORP Baseball Collection | 2024,https://flavyendupont.com/kcorp-baseball-collection-2024,ADS,https://vimeo.com/1019407022/30d75ad849,53,0,09_KCORP_BASEBALL_COLLECTION_2024
10,KCORP Jersey 2024,https://flavyendupont.com/copie-de-poppie-short-film,ADS,https://vimeo.com/999800981/133fac9734,62,0,10_KCORP_JERSEY_2024
11,Google Workspace,https://flavyendupont.com/google-motion,,https://vimeo.com/731353074/1aff96f14f,15,0,11_GOOGLE_WORKSPACE
12,Youtube | International Women's Day,https://flavyendupont.com/youtube-international-womens-day,ADS,https://vimeo.com/685474844/d9caa29a18,102,0,12_YOUTUBE_INTERNATIONAL_WOMEN_S_DAY
13,DCMJ x Lena Situation,https://flavyendupont.com/dcmj-x-lena-situation,ADS,https://vimeo.com/499195873/fafc03a459 | https://vimeo.com/616025769/c75a67eda2,107 | 135,0,13_DCMJ_X_LENA_SITUATION
14,DS4 Reveal,https://flavyendupont.com/ds4-reveal,ADS,https://vimeo.com/947452971/e1ed18b913,28,0,14_DS4_REVEAL
15,Karmine Corp x Samsung,https://flavyendupont.com/karmine-corp-x-samsung,,https://vimeo.com/932940764/87741c36be,117,0,15_KARMINE_CORP_X_SAMSUNG
16,Samyang | Motion 2022 - 2023,https://flavyendupont.com/samyang-buldak-motion-2022-2023,ADS,https://vimeo.com/932806603/5ebc786175 | https://vimeo.com/879718744/eb9fc94da3,77 | ,0,16_SAMYANG_MOTION_2022_2023
17,Place Vendôme x Carla Ginola,https://flavyendupont.com/place-vendome-carla-ginola,,https://vimeo.com/946655292/e1d75eb4a7,None,0,17_PLACE_VENDÔME_X_CARLA_GINOLA
18,Place Vendôme x Dianne Perreau,https://flavyendupont.com/place-vendome-dianne-perreau,ADS,https://vimeo.com/946657237/4e2099642c,56,0,18_PLACE_VENDÔME_X_DIANNE_PERREAU
19,Place Vendôme x Camille Charriere,https://flavyendupont.com/place-vendome-camille-charriere,ADS,https://vimeo.com/946654476/cd132500f7,66,0,19_PLACE_VENDÔME_X_CAMILLE_CHARRIERE
20,Flight of the Marvelling Sun | Short Film,https://flavyendupont.com/flight-of-the-marvelling-sun,"ADS, FICTION",https://vimeo.com/501423111/8b7d1598fa,965,0,20_FLIGHT_OF_THE_MARVELLING_SUN_SHORT_FILM
21,Feel. | Short Film,https://flavyendupont.com/feel,FICTION,https://vimeo.com/342426098/54bcf7b28e,1021,0,21_FEEL_SHORT_FILM
22,DCMJ - Box in the Box,https://flavyendupont.com/dcmj-ident,,https://vimeo.com/572633719/048e80dacb,63,0,22_DCMJ_BOX_IN_THE_BOX
23,Mentorshow x Pierre Gagnaire,https://flavyendupont.com/mentorshow-pierre-gagnaire,,https://vimeo.com/499560118/22fac73efb,108,0,23_MENTORSHOW_X_PIERRE_GAGNAIRE
24,Mentorshow x Kev Adams,https://flavyendupont.com/mentorshow-kev-adams,,https://vimeo.com/499554729/1e4002cd9a,94,0,24_MENTORSHOW_X_KEV_ADAMS
25,Mentorshow x Aurélie Valognes,https://flavyendupont.com/mentorshow-aurelie-valognes,,https://vimeo.com/566061537/be09e1a32b,98,0,25_MENTORSHOW_X_AURÉLIE_VALOGNES
